customer_id,raw_cluster,segment_label
CUST000001,1,At-Risk Travellers
CUST000002,0,Potential Loyalists
CUST000003,2,Loyal Flyers
CUST000004,0,Potential Loyalists
CUST000005,1,At-Risk Travellers
CUST000006,1,At-Risk Travellers
CUST000007,0,Potential Loyalists
CUST000008,2,Loyal Flyers
CUST000009,2,Loyal Flyers
CUST000010,1,At-Risk Travellers
CUST000011,1,At-Risk Travellers
CUST000012,0,Potential Loyalists
CUST000013,2,Loyal Flyers
CUST000014,1,At-Risk Travellers
CUST000015,2,Loyal Flyers
CUST000016,0,Potential Loyalists
CUST000017,0,Potential Loyalists
CUST000018,0,Potential Loyalists
CUST000019,0,Potential Loyalists
CUST000020,2,Loyal Flyers
CUST000021,1,At-Risk Travellers
CUST000022,1,At-Risk Travellers
CUST000023,0,Potential Loyalists
CUST000024,0,Potential Loyalists
CUST000025,0,Potential Loyalists
CUST000026,3,Champions
CUST000027,0,Potential Loyalists
CUST000028,1,At-Risk Travellers
CUST000029,3,Champions
CUST000030,0,Potential Loyalists
CUST000031,0,Potential Loyalists
CUST000032,1,At-Risk Travellers
CUST000033,0,Potential Loyalists
CUST000034,0,Potential Loyalists
CUST000035,0,Potential Loyalists
CUST000036,3,Champions
CUST000037,0,Potential Loyalists
CUST000038,0,Potential Loyalists
CUST000039,3,Champions
CUST000040,0,Potential Loyalists
CUST000041,1,At-Risk Travellers
CUST000042,2,Loyal Flyers
CUST000043,0,Potential Loyalists
CUST000044,0,Potential Loyalists
CUST000045,0,Potential Loyalists
CUST000046,2,Loyal Flyers
CUST000047,0,Potential Loyalists
CUST000048,0,Potential Loyalists
CUST000049,2,Loyal Flyers
CUST000050,0,Potential Loyalists
CUST000051,0,Potential Loyalists
CUST000052,1,At-Risk Travellers
CUST000053,2,Loyal Flyers
CUST000054,1,At-Risk Travellers
CUST000055,3,Champions
CUST000056,1,At-Risk Travellers
CUST000057,0,Potential Loyalists
CUST000058,0,Potential Loyalists
CUST000059,3,Champions
CUST000060,2,Loyal Flyers
CUST000061,2,Loyal Flyers
CUST000062,0,Potential Loyalists
CUST000063,0,Potential Loyalists
CUST000064,0,Potential Loyalists
CUST000065,0,Potential Loyalists
CUST000066,0,Potential Loyalists
CUST000067,0,Potential Loyalists
CUST000068,1,At-Risk Travellers
CUST000069,0,Potential Loyalists
CUST000070,0,Potential Loyalists
CUST000071,0,Potential Loyalists
CUST000072,0,Potential Loyalists
CUST000073,2,Loyal Flyers
CUST000074,0,Potential Loyalists
CUST000075,3,Champions
CUST000076,0,Potential Loyalists
CUST000077,0,Potential Loyalists
CUST000078,0,Potential Loyalists
CUST000079,0,Potential Loyalists
CUST000080,0,Potential Loyalists
CUST000081,0,Potential Loyalists
CUST000082,2,Loyal Flyers
CUST000083,3,Champions
CUST000084,3,Champions
CUST000085,3,Champions
CUST000086,0,Potential Loyalists
CUST000087,0,Potential Loyalists
CUST000088,0,Potential Loyalists
CUST000089,0,Potential Loyalists
CUST000090,2,Loyal Flyers
CUST000091,2,Loyal Flyers
CUST000092,3,Champions
CUST000093,0,Potential Loyalists
CUST000094,0,Potential Loyalists
CUST000095,0,Potential Loyalists
CUST000096,2,Loyal Flyers
CUST000097,3,Champions
CUST000098,0,Potential Loyalists
CUST000099,1,At-Risk Travellers
CUST000100,0,Potential Loyalists
CUST000101,2,Loyal Flyers
CUST000102,1,At-Risk Travellers
CUST000103,0,Potential Loyalists
CUST000104,0,Potential Loyalists
CUST000105,0,Potential Loyalists
CUST000106,0,Potential Loyalists
CUST000107,1,At-Risk Travellers
CUST000108,0,Potential Loyalists
CUST000109,0,Potential Loyalists
CUST000110,2,Loyal Flyers
CUST000111,0,Potential Loyalists
CUST000112,2,Loyal Flyers
CUST000113,2,Loyal Flyers
CUST000114,2,Loyal Flyers
CUST000115,0,Potential Loyalists
CUST000116,1,At-Risk Travellers
CUST000117,0,Potential Loyalists
CUST000118,0,Potential Loyalists
CUST000119,0,Potential Loyalists
CUST000120,3,Champions
CUST000121,0,Potential Loyalists
CUST000122,0,Potential Loyalists
CUST000123,0,Potential Loyalists
CUST000124,0,Potential Loyalists
CUST000125,0,Potential Loyalists
CUST000126,0,Potential Loyalists
CUST000127,1,At-Risk Travellers
CUST000128,0,Potential Loyalists
CUST000129,0,Potential Loyalists
CUST000130,0,Potential Loyalists
CUST000131,1,At-Risk Travellers
CUST000132,0,Potential Loyalists
CUST000133,2,Loyal Flyers
CUST000134,0,Potential Loyalists
CUST000135,1,At-Risk Travellers
CUST000136,2,Loyal Flyers
CUST000137,0,Potential Loyalists
CUST000138,0,Potential Loyalists
CUST000139,0,Potential Loyalists
CUST000140,1,At-Risk Travellers
CUST000141,1,At-Risk Travellers
CUST000142,0,Potential Loyalists
CUST000143,2,Loyal Flyers
CUST000144,0,Potential Loyalists
CUST000145,0,Potential Loyalists
CUST000146,0,Potential Loyalists
CUST000147,0,Potential Loyalists
CUST000148,0,Potential Loyalists
CUST000149,3,Champions
CUST000150,3,Champions
CUST000151,0,Potential Loyalists
CUST000152,2,Loyal Flyers
CUST000153,0,Potential Loyalists
CUST000154,0,Potential Loyalists
CUST000155,3,Champions
CUST000156,0,Potential Loyalists
CUST000157,1,At-Risk Travellers
CUST000158,1,At-Risk Travellers
CUST000159,0,Potential Loyalists
CUST000160,1,At-Risk Travellers
CUST000161,0,Potential Loyalists
CUST000162,0,Potential Loyalists
CUST000163,0,Potential Loyalists
CUST000164,2,Loyal Flyers
CUST000165,0,Potential Loyalists
CUST000166,1,At-Risk Travellers
CUST000167,1,At-Risk Travellers
CUST000168,0,Potential Loyalists
CUST000169,0,Potential Loyalists
CUST000170,0,Potential Loyalists
CUST000171,0,Potential Loyalists
CUST000172,2,Loyal Flyers
CUST000173,0,Potential Loyalists
CUST000174,2,Loyal Flyers
CUST000175,0,Potential Loyalists
CUST000176,0,Potential Loyalists
CUST000177,0,Potential Loyalists
CUST000178,3,Champions
CUST000179,2,Loyal Flyers
CUST000180,0,Potential Loyalists
CUST000181,3,Champions
CUST000182,3,Champions
CUST000183,0,Potential Loyalists
CUST000184,0,Potential Loyalists
CUST000185,0,Potential Loyalists
CUST000186,0,Potential Loyalists
CUST000187,1,At-Risk Travellers
CUST000188,3,Champions
CUST000189,0,Potential Loyalists
CUST000190,0,Potential Loyalists
CUST000191,2,Loyal Flyers
CUST000192,1,At-Risk Travellers
CUST000193,0,Potential Loyalists
CUST000194,2,Loyal Flyers
CUST000195,2,Loyal Flyers
CUST000196,1,At-Risk Travellers
CUST000197,1,At-Risk Travellers
CUST000198,0,Potential Loyalists
CUST000199,0,Potential Loyalists
CUST000200,3,Champions
CUST000201,0,Potential Loyalists
CUST000202,1,At-Risk Travellers
CUST000203,0,Potential Loyalists
CUST000204,0,Potential Loyalists
CUST000205,1,At-Risk Travellers
CUST000206,3,Champions
CUST000207,0,Potential Loyalists
CUST000208,2,Loyal Flyers
CUST000209,1,At-Risk Travellers
CUST000210,1,At-Risk Travellers
CUST000211,0,Potential Loyalists
CUST000212,0,Potential Loyalists
CUST000213,1,At-Risk Travellers
CUST000214,0,Potential Loyalists
CUST000215,0,Potential Loyalists
CUST000216,3,Champions
CUST000217,0,Potential Loyalists
CUST000218,1,At-Risk Travellers
CUST000219,2,Loyal Flyers
CUST000220,2,Loyal Flyers
CUST000221,3,Champions
CUST000222,0,Potential Loyalists
CUST000223,0,Potential Loyalists
CUST000224,0,Potential Loyalists
CUST000225,2,Loyal Flyers
CUST000226,0,Potential Loyalists
CUST000227,0,Potential Loyalists
CUST000228,0,Potential Loyalists
CUST000229,0,Potential Loyalists
CUST000230,0,Potential Loyalists
CUST000231,1,At-Risk Travellers
CUST000232,0,Potential Loyalists
CUST000233,2,Loyal Flyers
CUST000234,1,At-Risk Travellers
CUST000235,2,Loyal Flyers
CUST000236,3,Champions
CUST000237,1,At-Risk Travellers
CUST000238,2,Loyal Flyers
CUST000239,1,At-Risk Travellers
CUST000240,0,Potential Loyalists
CUST000241,0,Potential Loyalists
CUST000242,1,At-Risk Travellers
CUST000243,0,Potential Loyalists
CUST000244,1,At-Risk Travellers
CUST000245,0,Potential Loyalists
CUST000246,0,Potential Loyalists
CUST000247,0,Potential Loyalists
CUST000248,0,Potential Loyalists
CUST000249,0,Potential Loyalists
CUST000250,0,Potential Loyalists
CUST000251,0,Potential Loyalists
CUST000252,0,Potential Loyalists
CUST000253,0,Potential Loyalists
CUST000254,0,Potential Loyalists
CUST000255,0,Potential Loyalists
CUST000256,3,Champions
CUST000257,0,Potential Loyalists
CUST000258,3,Champions
CUST000259,1,At-Risk Travellers
CUST000260,2,Loyal Flyers
CUST000261,0,Potential Loyalists
CUST000262,0,Potential Loyalists
CUST000263,0,Potential Loyalists
CUST000264,0,Potential Loyalists
CUST000265,0,Potential Loyalists
CUST000266,0,Potential Loyalists
CUST000267,0,Potential Loyalists
CUST000268,0,Potential Loyalists
CUST000269,2,Loyal Flyers
CUST000270,2,Loyal Flyers
CUST000271,0,Potential Loyalists
CUST000272,0,Potential Loyalists
CUST000273,0,Potential Loyalists
CUST000274,0,Potential Loyalists
CUST000275,0,Potential Loyalists
CUST000276,0,Potential Loyalists
CUST000277,0,Potential Loyalists
CUST000278,2,Loyal Flyers
CUST000279,0,Potential Loyalists
CUST000280,1,At-Risk Travellers
CUST000281,0,Potential Loyalists
CUST000282,0,Potential Loyalists
CUST000283,3,Champions
CUST000284,0,Potential Loyalists
CUST000285,0,Potential Loyalists
CUST000286,0,Potential Loyalists
CUST000287,0,Potential Loyalists
CUST000288,0,Potential Loyalists
CUST000289,3,Champions
CUST000290,0,Potential Loyalists
CUST000291,2,Loyal Flyers
CUST000292,2,Loyal Flyers
CUST000293,2,Loyal Flyers
CUST000294,0,Potential Loyalists
CUST000295,0,Potential Loyalists
CUST000296,2,Loyal Flyers
CUST000297,0,Potential Loyalists
CUST000298,2,Loyal Flyers
CUST000299,0,Potential Loyalists
CUST000300,2,Loyal Flyers
CUST000301,2,Loyal Flyers
CUST000302,0,Potential Loyalists
CUST000303,2,Loyal Flyers
CUST000304,1,At-Risk Travellers
CUST000305,0,Potential Loyalists
CUST000306,1,At-Risk Travellers
CUST000307,0,Potential Loyalists
CUST000308,2,Loyal Flyers
CUST000309,0,Potential Loyalists
CUST000310,0,Potential Loyalists
CUST000311,0,Potential Loyalists
CUST000312,1,At-Risk Travellers
CUST000313,0,Potential Loyalists
CUST000314,0,Potential Loyalists
CUST000315,0,Potential Loyalists
CUST000316,1,At-Risk Travellers
CUST000317,2,Loyal Flyers
CUST000318,0,Potential Loyalists
CUST000319,2,Loyal Flyers
CUST000320,0,Potential Loyalists
CUST000321,0,Potential Loyalists
CUST000322,0,Potential Loyalists
CUST000323,2,Loyal Flyers
CUST000324,0,Potential Loyalists
CUST000325,0,Potential Loyalists
CUST000326,0,Potential Loyalists
CUST000327,0,Potential Loyalists
CUST000328,0,Potential Loyalists
CUST000329,1,At-Risk Travellers
CUST000330,0,Potential Loyalists
CUST000331,0,Potential Loyalists
CUST000332,0,Potential Loyalists
CUST000333,0,Potential Loyalists
CUST000334,0,Potential Loyalists
CUST000335,0,Potential Loyalists
CUST000336,0,Potential Loyalists
CUST000337,0,Potential Loyalists
CUST000338,2,Loyal Flyers
CUST000339,1,At-Risk Travellers
CUST000340,0,Potential Loyalists
CUST000341,2,Loyal Flyers
CUST000342,2,Loyal Flyers
CUST000343,0,Potential Loyalists
CUST000344,0,Potential Loyalists
CUST000345,0,Potential Loyalists
CUST000346,0,Potential Loyalists
CUST000347,0,Potential Loyalists
CUST000348,0,Potential Loyalists
CUST000349,2,Loyal Flyers
CUST000350,2,Loyal Flyers
CUST000351,3,Champions
CUST000352,2,Loyal Flyers
CUST000353,0,Potential Loyalists
CUST000354,0,Potential Loyalists
CUST000355,0,Potential Loyalists
CUST000356,1,At-Risk Travellers
CUST000357,0,Potential Loyalists
CUST000358,1,At-Risk Travellers
CUST000359,2,Loyal Flyers
CUST000360,2,Loyal Flyers
CUST000361,0,Potential Loyalists
CUST000362,0,Potential Loyalists
CUST000363,2,Loyal Flyers
CUST000364,0,Potential Loyalists
CUST000365,1,At-Risk Travellers
CUST000366,2,Loyal Flyers
CUST000367,0,Potential Loyalists
CUST000368,0,Potential Loyalists
CUST000369,0,Potential Loyalists
CUST000370,3,Champions
CUST000371,0,Potential Loyalists
CUST000372,2,Loyal Flyers
CUST000373,2,Loyal Flyers
CUST000374,1,At-Risk Travellers
CUST000375,0,Potential Loyalists
CUST000376,0,Potential Loyalists
CUST000377,1,At-Risk Travellers
CUST000378,0,Potential Loyalists
CUST000379,0,Potential Loyalists
CUST000380,2,Loyal Flyers
CUST000381,1,At-Risk Travellers
CUST000382,0,Potential Loyalists
CUST000383,0,Potential Loyalists
CUST000384,0,Potential Loyalists
CUST000385,0,Potential Loyalists
CUST000386,2,Loyal Flyers
CUST000387,0,Potential Loyalists
CUST000388,0,Potential Loyalists
CUST000389,0,Potential Loyalists
CUST000390,0,Potential Loyalists
CUST000391,0,Potential Loyalists
CUST000392,1,At-Risk Travellers
CUST000393,2,Loyal Flyers
CUST000394,0,Potential Loyalists
CUST000395,2,Loyal Flyers
CUST000396,0,Potential Loyalists
CUST000397,1,At-Risk Travellers
CUST000398,0,Potential Loyalists
CUST000399,0,Potential Loyalists
CUST000400,0,Potential Loyalists
CUST000401,0,Potential Loyalists
CUST000402,0,Potential Loyalists
CUST000403,0,Potential Loyalists
CUST000404,0,Potential Loyalists
CUST000405,0,Potential Loyalists
CUST000406,0,Potential Loyalists
CUST000407,0,Potential Loyalists
CUST000408,0,Potential Loyalists
CUST000409,0,Potential Loyalists
CUST000410,1,At-Risk Travellers
CUST000411,0,Potential Loyalists
CUST000412,1,At-Risk Travellers
CUST000413,3,Champions
CUST000414,0,Potential Loyalists
CUST000415,2,Loyal Flyers
CUST000416,0,Potential Loyalists
CUST000417,0,Potential Loyalists
CUST000418,2,Loyal Flyers
CUST000419,0,Potential Loyalists
CUST000420,2,Loyal Flyers
CUST000421,2,Loyal Flyers
CUST000422,2,Loyal Flyers
CUST000423,3,Champions
CUST000424,2,Loyal Flyers
CUST000425,0,Potential Loyalists
CUST000426,0,Potential Loyalists
CUST000427,2,Loyal Flyers
CUST000428,0,Potential Loyalists
CUST000429,1,At-Risk Travellers
CUST000430,0,Potential Loyalists
CUST000431,0,Potential Loyalists
CUST000432,3,Champions
CUST000433,0,Potential Loyalists
CUST000434,0,Potential Loyalists
CUST000435,0,Potential Loyalists
CUST000436,0,Potential Loyalists
CUST000437,0,Potential Loyalists
CUST000438,0,Potential Loyalists
CUST000439,0,Potential Loyalists
CUST000440,0,Potential Loyalists
CUST000441,2,Loyal Flyers
CUST000442,0,Potential Loyalists
CUST000443,3,Champions
CUST000444,2,Loyal Flyers
CUST000445,0,Potential Loyalists
CUST000446,1,At-Risk Travellers
CUST000447,2,Loyal Flyers
CUST000448,0,Potential Loyalists
CUST000449,0,Potential Loyalists
CUST000450,3,Champions
CUST000451,1,At-Risk Travellers
CUST000452,0,Potential Loyalists
CUST000453,0,Potential Loyalists
CUST000454,3,Champions
CUST000455,2,Loyal Flyers
CUST000456,0,Potential Loyalists
CUST000457,0,Potential Loyalists
CUST000458,3,Champions
CUST000459,0,Potential Loyalists
CUST000460,0,Potential Loyalists
CUST000461,2,Loyal Flyers
CUST000462,0,Potential Loyalists
CUST000463,0,Potential Loyalists
CUST000464,0,Potential Loyalists
CUST000465,0,Potential Loyalists
CUST000466,0,Potential Loyalists
CUST000467,3,Champions
CUST000468,0,Potential Loyalists
CUST000469,2,Loyal Flyers
CUST000470,1,At-Risk Travellers
CUST000471,0,Potential Loyalists
CUST000472,0,Potential Loyalists
CUST000473,0,Potential Loyalists
CUST000474,0,Potential Loyalists
CUST000475,0,Potential Loyalists
CUST000476,0,Potential Loyalists
CUST000477,0,Potential Loyalists
CUST000478,0,Potential Loyalists
CUST000479,0,Potential Loyalists
CUST000480,1,At-Risk Travellers
CUST000481,0,Potential Loyalists
CUST000482,3,Champions
CUST000483,0,Potential Loyalists
CUST000484,0,Potential Loyalists
CUST000485,0,Potential Loyalists
CUST000486,0,Potential Loyalists
CUST000487,2,Loyal Flyers
CUST000488,0,Potential Loyalists
CUST000489,2,Loyal Flyers
CUST000490,0,Potential Loyalists
CUST000491,0,Potential Loyalists
CUST000492,0,Potential Loyalists
CUST000493,2,Loyal Flyers
CUST000494,2,Loyal Flyers
CUST000495,0,Potential Loyalists
CUST000496,1,At-Risk Travellers
CUST000497,0,Potential Loyalists
CUST000498,0,Potential Loyalists
CUST000499,3,Champions
CUST000500,0,Potential Loyalists
CUST000501,0,Potential Loyalists
CUST000502,2,Loyal Flyers
CUST000503,0,Potential Loyalists
CUST000504,2,Loyal Flyers
CUST000505,0,Potential Loyalists
CUST000506,2,Loyal Flyers
CUST000507,2,Loyal Flyers
CUST000508,2,Loyal Flyers
CUST000509,0,Potential Loyalists
CUST000510,2,Loyal Flyers
CUST000511,1,At-Risk Travellers
CUST000512,1,At-Risk Travellers
CUST000513,0,Potential Loyalists
CUST000514,2,Loyal Flyers
CUST000515,1,At-Risk Travellers
CUST000516,0,Potential Loyalists
CUST000517,1,At-Risk Travellers
CUST000518,0,Potential Loyalists
CUST000519,3,Champions
CUST000520,0,Potential Loyalists
CUST000521,2,Loyal Flyers
CUST000522,2,Loyal Flyers
CUST000523,0,Potential Loyalists
CUST000524,0,Potential Loyalists
CUST000525,1,At-Risk Travellers
CUST000526,0,Potential Loyalists
CUST000527,0,Potential Loyalists
CUST000528,0,Potential Loyalists
CUST000529,0,Potential Loyalists
CUST000530,2,Loyal Flyers
CUST000531,2,Loyal Flyers
CUST000532,2,Loyal Flyers
CUST000533,0,Potential Loyalists
CUST000534,2,Loyal Flyers
CUST000535,0,Potential Loyalists
CUST000536,2,Loyal Flyers
CUST000537,0,Potential Loyalists
CUST000538,1,At-Risk Travellers
CUST000539,0,Potential Loyalists
CUST000540,0,Potential Loyalists
CUST000541,0,Potential Loyalists
CUST000542,0,Potential Loyalists
CUST000543,0,Potential Loyalists
CUST000544,0,Potential Loyalists
CUST000545,0,Potential Loyalists
CUST000546,2,Loyal Flyers
CUST000547,0,Potential Loyalists
CUST000548,0,Potential Loyalists
CUST000549,0,Potential Loyalists
CUST000550,2,Loyal Flyers
CUST000551,0,Potential Loyalists
CUST000552,0,Potential Loyalists
CUST000553,1,At-Risk Travellers
CUST000554,0,Potential Loyalists
CUST000555,0,Potential Loyalists
CUST000556,2,Loyal Flyers
CUST000557,0,Potential Loyalists
CUST000558,1,At-Risk Travellers
CUST000559,2,Loyal Flyers
CUST000560,3,Champions
CUST000561,2,Loyal Flyers
CUST000562,1,At-Risk Travellers
CUST000563,0,Potential Loyalists
CUST000564,0,Potential Loyalists
CUST000565,0,Potential Loyalists
CUST000566,2,Loyal Flyers
CUST000567,0,Potential Loyalists
CUST000568,0,Potential Loyalists
CUST000569,0,Potential Loyalists
CUST000570,0,Potential Loyalists
CUST000571,0,Potential Loyalists
CUST000572,2,Loyal Flyers
CUST000573,0,Potential Loyalists
CUST000574,2,Loyal Flyers
CUST000575,0,Potential Loyalists
CUST000576,0,Potential Loyalists
CUST000577,2,Loyal Flyers
CUST000578,0,Potential Loyalists
CUST000579,0,Potential Loyalists
CUST000580,0,Potential Loyalists
CUST000581,2,Loyal Flyers
CUST000582,0,Potential Loyalists
CUST000583,0,Potential Loyalists
CUST000584,1,At-Risk Travellers
CUST000585,0,Potential Loyalists
CUST000586,2,Loyal Flyers
CUST000587,0,Potential Loyalists
CUST000588,0,Potential Loyalists
CUST000589,2,Loyal Flyers
CUST000590,0,Potential Loyalists
CUST000591,0,Potential Loyalists
CUST000592,0,Potential Loyalists
CUST000593,2,Loyal Flyers
CUST000594,0,Potential Loyalists
CUST000595,0,Potential Loyalists
CUST000596,0,Potential Loyalists
CUST000597,1,At-Risk Travellers
CUST000598,0,Potential Loyalists
CUST000599,2,Loyal Flyers
CUST000600,3,Champions
CUST000601,3,Champions
CUST000602,0,Potential Loyalists
CUST000603,2,Loyal Flyers
CUST000604,0,Potential Loyalists
CUST000605,0,Potential Loyalists
CUST000606,0,Potential Loyalists
CUST000607,0,Potential Loyalists
CUST000608,3,Champions
CUST000609,0,Potential Loyalists
CUST000610,2,Loyal Flyers
CUST000611,0,Potential Loyalists
CUST000612,0,Potential Loyalists
CUST000613,2,Loyal Flyers
CUST000614,0,Potential Loyalists
CUST000615,2,Loyal Flyers
CUST000616,0,Potential Loyalists
CUST000617,2,Loyal Flyers
CUST000618,1,At-Risk Travellers
CUST000619,0,Potential Loyalists
CUST000620,0,Potential Loyalists
CUST000621,0,Potential Loyalists
CUST000622,0,Potential Loyalists
CUST000623,0,Potential Loyalists
CUST000624,2,Loyal Flyers
CUST000625,0,Potential Loyalists
CUST000626,3,Champions
CUST000627,1,At-Risk Travellers
CUST000628,0,Potential Loyalists
CUST000629,0,Potential Loyalists
CUST000630,2,Loyal Flyers
CUST000631,1,At-Risk Travellers
CUST000632,0,Potential Loyalists
CUST000633,3,Champions
CUST000634,0,Potential Loyalists
CUST000635,0,Potential Loyalists
CUST000636,0,Potential Loyalists
CUST000637,1,At-Risk Travellers
CUST000638,0,Potential Loyalists
CUST000639,2,Loyal Flyers
CUST000640,0,Potential Loyalists
CUST000641,0,Potential Loyalists
CUST000642,1,At-Risk Travellers
CUST000643,0,Potential Loyalists
CUST000644,0,Potential Loyalists
CUST000645,0,Potential Loyalists
CUST000646,2,Loyal Flyers
CUST000647,2,Loyal Flyers
CUST000648,2,Loyal Flyers
CUST000649,0,Potential Loyalists
CUST000650,0,Potential Loyalists
CUST000651,1,At-Risk Travellers
CUST000652,3,Champions
CUST000653,3,Champions
CUST000654,0,Potential Loyalists
CUST000655,1,At-Risk Travellers
CUST000656,1,At-Risk Travellers
CUST000657,0,Potential Loyalists
CUST000658,0,Potential Loyalists
CUST000659,0,Potential Loyalists
CUST000660,0,Potential Loyalists
CUST000661,0,Potential Loyalists
CUST000662,0,Potential Loyalists
CUST000663,0,Potential Loyalists
CUST000664,2,Loyal Flyers
CUST000665,2,Loyal Flyers
CUST000666,0,Potential Loyalists
CUST000667,1,At-Risk Travellers
CUST000668,1,At-Risk Travellers
CUST000669,0,Potential Loyalists
CUST000670,0,Potential Loyalists
CUST000671,0,Potential Loyalists
CUST000672,0,Potential Loyalists
CUST000673,1,At-Risk Travellers
CUST000674,1,At-Risk Travellers
CUST000675,0,Potential Loyalists
CUST000676,0,Potential Loyalists
CUST000677,2,Loyal Flyers
CUST000678,0,Potential Loyalists
CUST000679,1,At-Risk Travellers
CUST000680,0,Potential Loyalists
CUST000681,0,Potential Loyalists
CUST000682,0,Potential Loyalists
CUST000683,2,Loyal Flyers
CUST000684,0,Potential Loyalists
CUST000685,3,Champions
CUST000686,2,Loyal Flyers
CUST000687,0,Potential Loyalists
CUST000688,0,Potential Loyalists
CUST000689,0,Potential Loyalists
CUST000690,0,Potential Loyalists
CUST000691,0,Potential Loyalists
CUST000692,1,At-Risk Travellers
CUST000693,0,Potential Loyalists
CUST000694,2,Loyal Flyers
CUST000695,3,Champions
CUST000696,3,Champions
CUST000697,0,Potential Loyalists
CUST000698,0,Potential Loyalists
CUST000699,3,Champions
CUST000700,0,Potential Loyalists
CUST000701,1,At-Risk Travellers
CUST000702,0,Potential Loyalists
CUST000703,0,Potential Loyalists
CUST000704,0,Potential Loyalists
CUST000705,0,Potential Loyalists
CUST000706,0,Potential Loyalists
CUST000707,2,Loyal Flyers
CUST000708,3,Champions
CUST000709,3,Champions
CUST000710,2,Loyal Flyers
CUST000711,0,Potential Loyalists
CUST000712,0,Potential Loyalists
CUST000713,2,Loyal Flyers
CUST000714,3,Champions
CUST000715,0,Potential Loyalists
CUST000716,0,Potential Loyalists
CUST000717,2,Loyal Flyers
CUST000718,0,Potential Loyalists
CUST000719,1,At-Risk Travellers
CUST000720,0,Potential Loyalists
CUST000721,0,Potential Loyalists
CUST000722,2,Loyal Flyers
CUST000723,0,Potential Loyalists
CUST000724,1,At-Risk Travellers
CUST000725,0,Potential Loyalists
CUST000726,0,Potential Loyalists
CUST000727,2,Loyal Flyers
CUST000728,0,Potential Loyalists
CUST000729,0,Potential Loyalists
CUST000730,0,Potential Loyalists
CUST000731,1,At-Risk Travellers
CUST000732,1,At-Risk Travellers
CUST000733,0,Potential Loyalists
CUST000734,0,Potential Loyalists
CUST000735,3,Champions
CUST000736,0,Potential Loyalists
CUST000737,2,Loyal Flyers
CUST000738,0,Potential Loyalists
CUST000739,0,Potential Loyalists
CUST000740,1,At-Risk Travellers
CUST000741,0,Potential Loyalists
CUST000742,0,Potential Loyalists
CUST000743,3,Champions
CUST000744,0,Potential Loyalists
CUST000745,1,At-Risk Travellers
CUST000746,0,Potential Loyalists
CUST000747,0,Potential Loyalists
CUST000748,3,Champions
CUST000749,2,Loyal Flyers
CUST000750,2,Loyal Flyers
CUST000751,0,Potential Loyalists
CUST000752,0,Potential Loyalists
CUST000753,0,Potential Loyalists
CUST000754,0,Potential Loyalists
CUST000755,0,Potential Loyalists
CUST000756,2,Loyal Flyers
CUST000757,1,At-Risk Travellers
CUST000758,0,Potential Loyalists
CUST000759,1,At-Risk Travellers
CUST000760,0,Potential Loyalists
CUST000761,0,Potential Loyalists
CUST000762,2,Loyal Flyers
CUST000763,0,Potential Loyalists
CUST000764,2,Loyal Flyers
CUST000765,3,Champions
CUST000766,2,Loyal Flyers
CUST000767,0,Potential Loyalists
CUST000768,0,Potential Loyalists
CUST000769,0,Potential Loyalists
CUST000770,1,At-Risk Travellers
CUST000771,1,At-Risk Travellers
CUST000772,0,Potential Loyalists
CUST000773,0,Potential Loyalists
CUST000774,3,Champions
CUST000775,0,Potential Loyalists
CUST000776,2,Loyal Flyers
CUST000777,0,Potential Loyalists
CUST000778,0,Potential Loyalists
CUST000779,0,Potential Loyalists
CUST000780,0,Potential Loyalists
CUST000781,0,Potential Loyalists
CUST000782,0,Potential Loyalists
CUST000783,0,Potential Loyalists
CUST000784,3,Champions
CUST000785,0,Potential Loyalists
CUST000786,0,Potential Loyalists
CUST000787,2,Loyal Flyers
CUST000788,2,Loyal Flyers
CUST000789,0,Potential Loyalists
CUST000790,0,Potential Loyalists
CUST000791,2,Loyal Flyers
CUST000792,2,Loyal Flyers
CUST000793,2,Loyal Flyers
CUST000794,2,Loyal Flyers
CUST000795,0,Potential Loyalists
CUST000796,0,Potential Loyalists
CUST000797,0,Potential Loyalists
CUST000798,2,Loyal Flyers
CUST000799,0,Potential Loyalists
CUST000800,0,Potential Loyalists
CUST000801,2,Loyal Flyers
CUST000802,0,Potential Loyalists
CUST000803,0,Potential Loyalists
CUST000804,1,At-Risk Travellers
CUST000805,3,Champions
CUST000806,0,Potential Loyalists
CUST000807,3,Champions
CUST000808,1,At-Risk Travellers
CUST000809,0,Potential Loyalists
CUST000810,0,Potential Loyalists
CUST000811,3,Champions
CUST000812,0,Potential Loyalists
CUST000813,0,Potential Loyalists
CUST000814,1,At-Risk Travellers
CUST000815,0,Potential Loyalists
CUST000816,2,Loyal Flyers
CUST000817,2,Loyal Flyers
CUST000818,1,At-Risk Travellers
CUST000819,0,Potential Loyalists
CUST000820,3,Champions
CUST000821,0,Potential Loyalists
CUST000822,2,Loyal Flyers
CUST000823,1,At-Risk Travellers
CUST000824,2,Loyal Flyers
CUST000825,0,Potential Loyalists
CUST000826,3,Champions
CUST000827,2,Loyal Flyers
CUST000828,2,Loyal Flyers
CUST000829,2,Loyal Flyers
CUST000830,0,Potential Loyalists
CUST000831,2,Loyal Flyers
CUST000832,1,At-Risk Travellers
CUST000833,2,Loyal Flyers
CUST000834,2,Loyal Flyers
CUST000835,0,Potential Loyalists
CUST000836,0,Potential Loyalists
CUST000837,2,Loyal Flyers
CUST000838,3,Champions
CUST000839,0,Potential Loyalists
CUST000840,0,Potential Loyalists
CUST000841,0,Potential Loyalists
CUST000842,2,Loyal Flyers
CUST000843,0,Potential Loyalists
CUST000844,2,Loyal Flyers
CUST000845,0,Potential Loyalists
CUST000846,1,At-Risk Travellers
CUST000847,0,Potential Loyalists
CUST000848,0,Potential Loyalists
CUST000849,0,Potential Loyalists
CUST000850,0,Potential Loyalists
CUST000851,0,Potential Loyalists
CUST000852,0,Potential Loyalists
CUST000853,2,Loyal Flyers
CUST000854,0,Potential Loyalists
CUST000855,1,At-Risk Travellers
CUST000856,1,At-Risk Travellers
CUST000857,1,At-Risk Travellers
CUST000858,2,Loyal Flyers
CUST000859,0,Potential Loyalists
CUST000860,0,Potential Loyalists
CUST000861,3,Champions
CUST000862,2,Loyal Flyers
CUST000863,3,Champions
CUST000864,0,Potential Loyalists
CUST000865,0,Potential Loyalists
CUST000866,0,Potential Loyalists
CUST000867,1,At-Risk Travellers
CUST000868,0,Potential Loyalists
CUST000869,0,Potential Loyalists
CUST000870,0,Potential Loyalists
CUST000871,1,At-Risk Travellers
CUST000872,0,Potential Loyalists
CUST000873,2,Loyal Flyers
CUST000874,2,Loyal Flyers
CUST000875,0,Potential Loyalists
CUST000876,2,Loyal Flyers
CUST000877,3,Champions
CUST000878,0,Potential Loyalists
CUST000879,0,Potential Loyalists
CUST000880,0,Potential Loyalists
CUST000881,0,Potential Loyalists
CUST000882,1,At-Risk Travellers
CUST000883,0,Potential Loyalists
CUST000884,1,At-Risk Travellers
CUST000885,3,Champions
CUST000886,0,Potential Loyalists
CUST000887,3,Champions
CUST000888,0,Potential Loyalists
CUST000889,1,At-Risk Travellers
CUST000890,2,Loyal Flyers
CUST000891,0,Potential Loyalists
CUST000892,0,Potential Loyalists
CUST000893,3,Champions
CUST000894,0,Potential Loyalists
CUST000895,3,Champions
CUST000896,0,Potential Loyalists
CUST000897,0,Potential Loyalists
CUST000898,0,Potential Loyalists
CUST000899,0,Potential Loyalists
CUST000900,2,Loyal Flyers
CUST000901,2,Loyal Flyers
CUST000902,0,Potential Loyalists
CUST000903,2,Loyal Flyers
CUST000904,2,Loyal Flyers
CUST000905,0,Potential Loyalists
CUST000906,2,Loyal Flyers
CUST000907,2,Loyal Flyers
CUST000908,0,Potential Loyalists
CUST000909,0,Potential Loyalists
CUST000910,0,Potential Loyalists
CUST000911,0,Potential Loyalists
CUST000912,0,Potential Loyalists
CUST000913,0,Potential Loyalists
CUST000914,2,Loyal Flyers
CUST000915,1,At-Risk Travellers
CUST000916,0,Potential Loyalists
CUST000917,0,Potential Loyalists
CUST000918,0,Potential Loyalists
CUST000919,3,Champions
CUST000920,0,Potential Loyalists
CUST000921,0,Potential Loyalists
CUST000922,3,Champions
CUST000923,0,Potential Loyalists
CUST000924,0,Potential Loyalists
CUST000925,0,Potential Loyalists
CUST000926,3,Champions
CUST000927,2,Loyal Flyers
CUST000928,2,Loyal Flyers
CUST000929,0,Potential Loyalists
CUST000930,2,Loyal Flyers
CUST000931,0,Potential Loyalists
CUST000932,0,Potential Loyalists
CUST000933,1,At-Risk Travellers
CUST000934,2,Loyal Flyers
CUST000935,3,Champions
CUST000936,2,Loyal Flyers
CUST000937,0,Potential Loyalists
CUST000938,3,Champions
CUST000939,0,Potential Loyalists
CUST000940,0,Potential Loyalists
CUST000941,2,Loyal Flyers
CUST000942,0,Potential Loyalists
CUST000943,2,Loyal Flyers
CUST000944,0,Potential Loyalists
CUST000945,2,Loyal Flyers
CUST000946,2,Loyal Flyers
CUST000947,0,Potential Loyalists
CUST000948,1,At-Risk Travellers
CUST000949,2,Loyal Flyers
CUST000950,0,Potential Loyalists
CUST000951,0,Potential Loyalists
CUST000952,0,Potential Loyalists
CUST000953,0,Potential Loyalists
CUST000954,1,At-Risk Travellers
CUST000955,0,Potential Loyalists
CUST000956,1,At-Risk Travellers
CUST000957,0,Potential Loyalists
CUST000958,0,Potential Loyalists
CUST000959,2,Loyal Flyers
CUST000960,2,Loyal Flyers
CUST000961,3,Champions
CUST000962,1,At-Risk Travellers
CUST000963,0,Potential Loyalists
CUST000964,0,Potential Loyalists
CUST000965,2,Loyal Flyers
CUST000966,0,Potential Loyalists
CUST000967,0,Potential Loyalists
CUST000968,0,Potential Loyalists
CUST000969,2,Loyal Flyers
CUST000970,0,Potential Loyalists
CUST000971,0,Potential Loyalists
CUST000972,0,Potential Loyalists
CUST000973,0,Potential Loyalists
CUST000974,0,Potential Loyalists
CUST000975,0,Potential Loyalists
CUST000976,0,Potential Loyalists
CUST000977,0,Potential Loyalists
CUST000978,0,Potential Loyalists
CUST000979,1,At-Risk Travellers
CUST000980,0,Potential Loyalists
CUST000981,0,Potential Loyalists
CUST000982,2,Loyal Flyers
CUST000983,0,Potential Loyalists
CUST000984,2,Loyal Flyers
CUST000985,0,Potential Loyalists
CUST000986,0,Potential Loyalists
CUST000987,2,Loyal Flyers
CUST000988,1,At-Risk Travellers
CUST000989,0,Potential Loyalists
CUST000990,0,Potential Loyalists
CUST000991,2,Loyal Flyers
CUST000992,0,Potential Loyalists
CUST000993,1,At-Risk Travellers
CUST000994,0,Potential Loyalists
CUST000995,1,At-Risk Travellers
CUST000996,1,At-Risk Travellers
CUST000997,0,Potential Loyalists
CUST000998,0,Potential Loyalists
CUST000999,0,Potential Loyalists
CUST001000,0,Potential Loyalists
CUST001001,0,Potential Loyalists
CUST001002,2,Loyal Flyers
CUST001003,2,Loyal Flyers
CUST001004,0,Potential Loyalists
CUST001005,1,At-Risk Travellers
CUST001006,0,Potential Loyalists
CUST001007,0,Potential Loyalists
CUST001008,1,At-Risk Travellers
CUST001009,1,At-Risk Travellers
CUST001010,3,Champions
CUST001011,0,Potential Loyalists
CUST001012,2,Loyal Flyers
CUST001013,0,Potential Loyalists
CUST001014,0,Potential Loyalists
CUST001015,0,Potential Loyalists
CUST001016,0,Potential Loyalists
CUST001017,0,Potential Loyalists
CUST001018,1,At-Risk Travellers
CUST001019,0,Potential Loyalists
CUST001020,2,Loyal Flyers
CUST001021,0,Potential Loyalists
CUST001022,1,At-Risk Travellers
CUST001023,1,At-Risk Travellers
CUST001024,0,Potential Loyalists
CUST001025,3,Champions
CUST001026,1,At-Risk Travellers
CUST001027,0,Potential Loyalists
CUST001028,0,Potential Loyalists
CUST001029,0,Potential Loyalists
CUST001030,0,Potential Loyalists
CUST001031,0,Potential Loyalists
CUST001032,0,Potential Loyalists
CUST001033,0,Potential Loyalists
CUST001034,0,Potential Loyalists
CUST001035,1,At-Risk Travellers
CUST001036,1,At-Risk Travellers
CUST001037,3,Champions
CUST001038,2,Loyal Flyers
CUST001039,1,At-Risk Travellers
CUST001040,0,Potential Loyalists
CUST001041,0,Potential Loyalists
CUST001042,2,Loyal Flyers
CUST001043,1,At-Risk Travellers
CUST001044,0,Potential Loyalists
CUST001045,0,Potential Loyalists
CUST001046,0,Potential Loyalists
CUST001047,3,Champions
CUST001048,0,Potential Loyalists
CUST001049,0,Potential Loyalists
CUST001050,0,Potential Loyalists
CUST001051,0,Potential Loyalists
CUST001052,0,Potential Loyalists
CUST001053,2,Loyal Flyers
CUST001054,0,Potential Loyalists
CUST001055,0,Potential Loyalists
CUST001056,0,Potential Loyalists
CUST001057,0,Potential Loyalists
CUST001058,0,Potential Loyalists
CUST001059,1,At-Risk Travellers
CUST001060,1,At-Risk Travellers
CUST001061,0,Potential Loyalists
CUST001062,0,Potential Loyalists
CUST001063,0,Potential Loyalists
CUST001064,0,Potential Loyalists
CUST001065,2,Loyal Flyers
CUST001066,1,At-Risk Travellers
CUST001067,2,Loyal Flyers
CUST001068,1,At-Risk Travellers
CUST001069,1,At-Risk Travellers
CUST001070,1,At-Risk Travellers
CUST001071,2,Loyal Flyers
CUST001072,1,At-Risk Travellers
CUST001073,0,Potential Loyalists
CUST001074,0,Potential Loyalists
CUST001075,0,Potential Loyalists
CUST001076,0,Potential Loyalists
CUST001077,2,Loyal Flyers
CUST001078,2,Loyal Flyers
CUST001079,2,Loyal Flyers
CUST001080,0,Potential Loyalists
CUST001081,1,At-Risk Travellers
CUST001082,0,Potential Loyalists
CUST001083,0,Potential Loyalists
CUST001084,3,Champions
CUST001085,0,Potential Loyalists
CUST001086,2,Loyal Flyers
CUST001087,0,Potential Loyalists
CUST001088,0,Potential Loyalists
CUST001089,0,Potential Loyalists
CUST001090,1,At-Risk Travellers
CUST001091,0,Potential Loyalists
CUST001092,0,Potential Loyalists
CUST001093,0,Potential Loyalists
CUST001094,0,Potential Loyalists
CUST001095,1,At-Risk Travellers
CUST001096,0,Potential Loyalists
CUST001097,1,At-Risk Travellers
CUST001098,0,Potential Loyalists
CUST001099,2,Loyal Flyers
CUST001100,0,Potential Loyalists
CUST001101,2,Loyal Flyers
CUST001102,2,Loyal Flyers
CUST001103,0,Potential Loyalists
CUST001104,2,Loyal Flyers
CUST001105,0,Potential Loyalists
CUST001106,2,Loyal Flyers
CUST001107,0,Potential Loyalists
CUST001108,2,Loyal Flyers
CUST001109,0,Potential Loyalists
CUST001110,1,At-Risk Travellers
CUST001111,0,Potential Loyalists
CUST001112,0,Potential Loyalists
CUST001113,0,Potential Loyalists
CUST001114,2,Loyal Flyers
CUST001115,0,Potential Loyalists
CUST001116,0,Potential Loyalists
CUST001117,0,Potential Loyalists
CUST001118,0,Potential Loyalists
CUST001119,0,Potential Loyalists
CUST001120,0,Potential Loyalists
CUST001121,1,At-Risk Travellers
CUST001122,0,Potential Loyalists
CUST001123,0,Potential Loyalists
CUST001124,0,Potential Loyalists
CUST001125,1,At-Risk Travellers
CUST001126,2,Loyal Flyers
CUST001127,1,At-Risk Travellers
CUST001128,0,Potential Loyalists
CUST001129,0,Potential Loyalists
CUST001130,0,Potential Loyalists
CUST001131,0,Potential Loyalists
CUST001132,0,Potential Loyalists
CUST001133,0,Potential Loyalists
CUST001134,1,At-Risk Travellers
CUST001135,0,Potential Loyalists
CUST001136,0,Potential Loyalists
CUST001137,1,At-Risk Travellers
CUST001138,0,Potential Loyalists
CUST001139,1,At-Risk Travellers
CUST001140,0,Potential Loyalists
CUST001141,0,Potential Loyalists
CUST001142,0,Potential Loyalists
CUST001143,0,Potential Loyalists
CUST001144,0,Potential Loyalists
CUST001145,0,Potential Loyalists
CUST001146,0,Potential Loyalists
CUST001147,0,Potential Loyalists
CUST001148,1,At-Risk Travellers
CUST001149,0,Potential Loyalists
CUST001150,2,Loyal Flyers
CUST001151,2,Loyal Flyers
CUST001152,0,Potential Loyalists
CUST001153,1,At-Risk Travellers
CUST001154,2,Loyal Flyers
CUST001155,1,At-Risk Travellers
CUST001156,3,Champions
CUST001157,0,Potential Loyalists
CUST001158,0,Potential Loyalists
CUST001159,0,Potential Loyalists
CUST001160,0,Potential Loyalists
CUST001161,2,Loyal Flyers
CUST001162,0,Potential Loyalists
CUST001163,3,Champions
CUST001164,0,Potential Loyalists
CUST001165,0,Potential Loyalists
CUST001166,1,At-Risk Travellers
CUST001167,0,Potential Loyalists
CUST001168,2,Loyal Flyers
CUST001169,1,At-Risk Travellers
CUST001170,0,Potential Loyalists
CUST001171,0,Potential Loyalists
CUST001172,0,Potential Loyalists
CUST001173,0,Potential Loyalists
CUST001174,0,Potential Loyalists
CUST001175,0,Potential Loyalists
CUST001176,3,Champions
CUST001177,0,Potential Loyalists
CUST001178,0,Potential Loyalists
CUST001179,2,Loyal Flyers
CUST001180,1,At-Risk Travellers
CUST001181,0,Potential Loyalists
CUST001182,2,Loyal Flyers
CUST001183,0,Potential Loyalists
CUST001184,3,Champions
CUST001185,0,Potential Loyalists
CUST001186,2,Loyal Flyers
CUST001187,0,Potential Loyalists
CUST001188,3,Champions
CUST001189,0,Potential Loyalists
CUST001190,2,Loyal Flyers
CUST001191,0,Potential Loyalists
CUST001192,0,Potential Loyalists
CUST001193,0,Potential Loyalists
CUST001194,2,Loyal Flyers
CUST001195,0,Potential Loyalists
CUST001196,1,At-Risk Travellers
CUST001197,0,Potential Loyalists
CUST001198,0,Potential Loyalists
CUST001199,3,Champions
CUST001200,0,Potential Loyalists
CUST001201,0,Potential Loyalists
CUST001202,0,Potential Loyalists
CUST001203,0,Potential Loyalists
CUST001204,2,Loyal Flyers
CUST001205,1,At-Risk Travellers
CUST001206,0,Potential Loyalists
CUST001207,1,At-Risk Travellers
CUST001208,2,Loyal Flyers
CUST001209,0,Potential Loyalists
CUST001210,2,Loyal Flyers
CUST001211,0,Potential Loyalists
CUST001212,0,Potential Loyalists
CUST001213,2,Loyal Flyers
CUST001214,0,Potential Loyalists
CUST001215,0,Potential Loyalists
CUST001216,2,Loyal Flyers
CUST001217,0,Potential Loyalists
CUST001218,0,Potential Loyalists
CUST001219,1,At-Risk Travellers
CUST001220,0,Potential Loyalists
CUST001221,0,Potential Loyalists
CUST001222,2,Loyal Flyers
CUST001223,0,Potential Loyalists
CUST001224,1,At-Risk Travellers
CUST001225,0,Potential Loyalists
CUST001226,0,Potential Loyalists
CUST001227,3,Champions
CUST001228,2,Loyal Flyers
CUST001229,1,At-Risk Travellers
CUST001230,0,Potential Loyalists
CUST001231,0,Potential Loyalists
CUST001232,0,Potential Loyalists
CUST001233,2,Loyal Flyers
CUST001234,0,Potential Loyalists
CUST001235,2,Loyal Flyers
CUST001236,0,Potential Loyalists
CUST001237,1,At-Risk Travellers
CUST001238,0,Potential Loyalists
CUST001239,0,Potential Loyalists
CUST001240,0,Potential Loyalists
CUST001241,0,Potential Loyalists
CUST001242,2,Loyal Flyers
CUST001243,2,Loyal Flyers
CUST001244,0,Potential Loyalists
CUST001245,2,Loyal Flyers
CUST001246,0,Potential Loyalists
CUST001247,0,Potential Loyalists
CUST001248,1,At-Risk Travellers
CUST001249,2,Loyal Flyers
CUST001250,0,Potential Loyalists
CUST001251,0,Potential Loyalists
CUST001252,0,Potential Loyalists
CUST001253,1,At-Risk Travellers
CUST001254,1,At-Risk Travellers
CUST001255,0,Potential Loyalists
CUST001256,0,Potential Loyalists
CUST001257,0,Potential Loyalists
CUST001258,1,At-Risk Travellers
CUST001259,0,Potential Loyalists
CUST001260,0,Potential Loyalists
CUST001261,0,Potential Loyalists
CUST001262,0,Potential Loyalists
CUST001263,2,Loyal Flyers
CUST001264,3,Champions
CUST001265,3,Champions
CUST001266,0,Potential Loyalists
CUST001267,1,At-Risk Travellers
CUST001268,1,At-Risk Travellers
CUST001269,0,Potential Loyalists
CUST001270,0,Potential Loyalists
CUST001271,0,Potential Loyalists
CUST001272,0,Potential Loyalists
CUST001273,0,Potential Loyalists
CUST001274,1,At-Risk Travellers
CUST001275,0,Potential Loyalists
CUST001276,1,At-Risk Travellers
CUST001277,2,Loyal Flyers
CUST001278,0,Potential Loyalists
CUST001279,0,Potential Loyalists
CUST001280,0,Potential Loyalists
CUST001281,2,Loyal Flyers
CUST001282,3,Champions
CUST001283,0,Potential Loyalists
CUST001284,0,Potential Loyalists
CUST001285,0,Potential Loyalists
CUST001286,1,At-Risk Travellers
CUST001287,0,Potential Loyalists
CUST001288,3,Champions
CUST001289,0,Potential Loyalists
CUST001290,2,Loyal Flyers
CUST001291,2,Loyal Flyers
CUST001292,1,At-Risk Travellers
CUST001293,0,Potential Loyalists
CUST001294,0,Potential Loyalists
CUST001295,2,Loyal Flyers
CUST001296,0,Potential Loyalists
CUST001297,1,At-Risk Travellers
CUST001298,2,Loyal Flyers
CUST001299,0,Potential Loyalists
CUST001300,0,Potential Loyalists
CUST001301,0,Potential Loyalists
CUST001302,1,At-Risk Travellers
CUST001303,0,Potential Loyalists
CUST001304,0,Potential Loyalists
CUST001305,0,Potential Loyalists
CUST001306,0,Potential Loyalists
CUST001307,0,Potential Loyalists
CUST001308,0,Potential Loyalists
CUST001309,0,Potential Loyalists
CUST001310,2,Loyal Flyers
CUST001311,1,At-Risk Travellers
CUST001312,0,Potential Loyalists
CUST001313,1,At-Risk Travellers
CUST001314,0,Potential Loyalists
CUST001315,0,Potential Loyalists
CUST001316,0,Potential Loyalists
CUST001317,2,Loyal Flyers
CUST001318,3,Champions
CUST001319,2,Loyal Flyers
CUST001320,2,Loyal Flyers
CUST001321,0,Potential Loyalists
CUST001322,0,Potential Loyalists
CUST001323,0,Potential Loyalists
CUST001324,0,Potential Loyalists
CUST001325,0,Potential Loyalists
CUST001326,0,Potential Loyalists
CUST001327,1,At-Risk Travellers
CUST001328,0,Potential Loyalists
CUST001329,1,At-Risk Travellers
CUST001330,0,Potential Loyalists
CUST001331,3,Champions
CUST001332,1,At-Risk Travellers
CUST001333,0,Potential Loyalists
CUST001334,0,Potential Loyalists
CUST001335,0,Potential Loyalists
CUST001336,1,At-Risk Travellers
CUST001337,0,Potential Loyalists
CUST001338,1,At-Risk Travellers
CUST001339,1,At-Risk Travellers
CUST001340,3,Champions
CUST001341,0,Potential Loyalists
CUST001342,2,Loyal Flyers
CUST001343,0,Potential Loyalists
CUST001344,0,Potential Loyalists
CUST001345,2,Loyal Flyers
CUST001346,1,At-Risk Travellers
CUST001347,0,Potential Loyalists
CUST001348,3,Champions
CUST001349,2,Loyal Flyers
CUST001350,0,Potential Loyalists
CUST001351,3,Champions
CUST001352,0,Potential Loyalists
CUST001353,0,Potential Loyalists
CUST001354,0,Potential Loyalists
CUST001355,0,Potential Loyalists
CUST001356,1,At-Risk Travellers
CUST001357,0,Potential Loyalists
CUST001358,0,Potential Loyalists
CUST001359,0,Potential Loyalists
CUST001360,2,Loyal Flyers
CUST001361,0,Potential Loyalists
CUST001362,0,Potential Loyalists
CUST001363,0,Potential Loyalists
CUST001364,2,Loyal Flyers
CUST001365,0,Potential Loyalists
CUST001366,1,At-Risk Travellers
CUST001367,2,Loyal Flyers
CUST001368,1,At-Risk Travellers
CUST001369,0,Potential Loyalists
CUST001370,0,Potential Loyalists
CUST001371,0,Potential Loyalists
CUST001372,0,Potential Loyalists
CUST001373,2,Loyal Flyers
CUST001374,0,Potential Loyalists
CUST001375,0,Potential Loyalists
CUST001376,0,Potential Loyalists
CUST001377,0,Potential Loyalists
CUST001378,0,Potential Loyalists
CUST001379,3,Champions
CUST001380,2,Loyal Flyers
CUST001381,0,Potential Loyalists
CUST001382,0,Potential Loyalists
CUST001383,0,Potential Loyalists
CUST001384,0,Potential Loyalists
CUST001385,0,Potential Loyalists
CUST001386,2,Loyal Flyers
CUST001387,0,Potential Loyalists
CUST001388,0,Potential Loyalists
CUST001389,2,Loyal Flyers
CUST001390,0,Potential Loyalists
CUST001391,0,Potential Loyalists
CUST001392,0,Potential Loyalists
CUST001393,0,Potential Loyalists
CUST001394,0,Potential Loyalists
CUST001395,0,Potential Loyalists
CUST001396,0,Potential Loyalists
CUST001397,2,Loyal Flyers
CUST001398,3,Champions
CUST001399,0,Potential Loyalists
CUST001400,0,Potential Loyalists
CUST001401,3,Champions
CUST001402,1,At-Risk Travellers
CUST001403,2,Loyal Flyers
CUST001404,0,Potential Loyalists
CUST001405,2,Loyal Flyers
CUST001406,2,Loyal Flyers
CUST001407,3,Champions
CUST001408,0,Potential Loyalists
CUST001409,0,Potential Loyalists
CUST001410,0,Potential Loyalists
CUST001411,0,Potential Loyalists
CUST001412,0,Potential Loyalists
CUST001413,0,Potential Loyalists
CUST001414,1,At-Risk Travellers
CUST001415,0,Potential Loyalists
CUST001416,0,Potential Loyalists
CUST001417,0,Potential Loyalists
CUST001418,2,Loyal Flyers
CUST001419,2,Loyal Flyers
CUST001420,0,Potential Loyalists
CUST001421,3,Champions
CUST001422,1,At-Risk Travellers
CUST001423,0,Potential Loyalists
CUST001424,0,Potential Loyalists
CUST001425,2,Loyal Flyers
CUST001426,1,At-Risk Travellers
CUST001427,0,Potential Loyalists
CUST001428,0,Potential Loyalists
CUST001429,2,Loyal Flyers
CUST001430,1,At-Risk Travellers
CUST001431,1,At-Risk Travellers
CUST001432,0,Potential Loyalists
CUST001433,0,Potential Loyalists
CUST001434,0,Potential Loyalists
CUST001435,2,Loyal Flyers
CUST001436,0,Potential Loyalists
CUST001437,0,Potential Loyalists
CUST001438,1,At-Risk Travellers
CUST001439,0,Potential Loyalists
CUST001440,0,Potential Loyalists
CUST001441,0,Potential Loyalists
CUST001442,2,Loyal Flyers
CUST001443,1,At-Risk Travellers
CUST001444,2,Loyal Flyers
CUST001445,0,Potential Loyalists
CUST001446,0,Potential Loyalists
CUST001447,0,Potential Loyalists
CUST001448,1,At-Risk Travellers
CUST001449,0,Potential Loyalists
CUST001450,2,Loyal Flyers
CUST001451,0,Potential Loyalists
CUST001452,0,Potential Loyalists
CUST001453,0,Potential Loyalists
CUST001454,0,Potential Loyalists
CUST001455,0,Potential Loyalists
CUST001456,1,At-Risk Travellers
CUST001457,3,Champions
CUST001458,2,Loyal Flyers
CUST001459,0,Potential Loyalists
CUST001460,3,Champions
CUST001461,0,Potential Loyalists
CUST001462,0,Potential Loyalists
CUST001463,2,Loyal Flyers
CUST001464,0,Potential Loyalists
CUST001465,0,Potential Loyalists
CUST001466,2,Loyal Flyers
CUST001467,0,Potential Loyalists
CUST001468,0,Potential Loyalists
CUST001469,1,At-Risk Travellers
CUST001470,0,Potential Loyalists
CUST001471,0,Potential Loyalists
CUST001472,0,Potential Loyalists
CUST001473,1,At-Risk Travellers
CUST001474,2,Loyal Flyers
CUST001475,0,Potential Loyalists
CUST001476,1,At-Risk Travellers
CUST001477,0,Potential Loyalists
CUST001478,0,Potential Loyalists
CUST001479,0,Potential Loyalists
CUST001480,0,Potential Loyalists
CUST001481,1,At-Risk Travellers
CUST001482,0,Potential Loyalists
CUST001483,2,Loyal Flyers
CUST001484,3,Champions
CUST001485,2,Loyal Flyers
CUST001486,3,Champions
CUST001487,1,At-Risk Travellers
CUST001488,0,Potential Loyalists
CUST001489,2,Loyal Flyers
CUST001490,0,Potential Loyalists
CUST001491,3,Champions
CUST001492,0,Potential Loyalists
CUST001493,2,Loyal Flyers
CUST001494,0,Potential Loyalists
CUST001495,0,Potential Loyalists
CUST001496,0,Potential Loyalists
CUST001497,1,At-Risk Travellers
CUST001498,2,Loyal Flyers
CUST001499,2,Loyal Flyers
CUST001500,2,Loyal Flyers
CUST001501,0,Potential Loyalists
CUST001502,0,Potential Loyalists
CUST001503,1,At-Risk Travellers
CUST001504,1,At-Risk Travellers
CUST001505,0,Potential Loyalists
CUST001506,2,Loyal Flyers
CUST001507,2,Loyal Flyers
CUST001508,2,Loyal Flyers
CUST001509,0,Potential Loyalists
CUST001510,1,At-Risk Travellers
CUST001511,2,Loyal Flyers
CUST001512,1,At-Risk Travellers
CUST001513,2,Loyal Flyers
CUST001514,0,Potential Loyalists
CUST001515,1,At-Risk Travellers
CUST001516,1,At-Risk Travellers
CUST001517,3,Champions
CUST001518,0,Potential Loyalists
CUST001519,3,Champions
CUST001520,0,Potential Loyalists
CUST001521,2,Loyal Flyers
CUST001522,2,Loyal Flyers
CUST001523,0,Potential Loyalists
CUST001524,3,Champions
CUST001525,0,Potential Loyalists
CUST001526,1,At-Risk Travellers
CUST001527,3,Champions
CUST001528,0,Potential Loyalists
CUST001529,0,Potential Loyalists
CUST001530,2,Loyal Flyers
CUST001531,1,At-Risk Travellers
CUST001532,0,Potential Loyalists
CUST001533,2,Loyal Flyers
CUST001534,0,Potential Loyalists
CUST001535,1,At-Risk Travellers
CUST001536,0,Potential Loyalists
CUST001537,2,Loyal Flyers
CUST001538,0,Potential Loyalists
CUST001539,0,Potential Loyalists
CUST001540,2,Loyal Flyers
CUST001541,0,Potential Loyalists
CUST001542,0,Potential Loyalists
CUST001543,0,Potential Loyalists
CUST001544,1,At-Risk Travellers
CUST001545,0,Potential Loyalists
CUST001546,3,Champions
CUST001547,1,At-Risk Travellers
CUST001548,0,Potential Loyalists
CUST001549,2,Loyal Flyers
CUST001550,2,Loyal Flyers
CUST001551,1,At-Risk Travellers
CUST001552,0,Potential Loyalists
CUST001553,0,Potential Loyalists
CUST001554,0,Potential Loyalists
CUST001555,0,Potential Loyalists
CUST001556,3,Champions
CUST001557,0,Potential Loyalists
CUST001558,0,Potential Loyalists
CUST001559,2,Loyal Flyers
CUST001560,0,Potential Loyalists
CUST001561,0,Potential Loyalists
CUST001562,0,Potential Loyalists
CUST001563,0,Potential Loyalists
CUST001564,0,Potential Loyalists
CUST001565,0,Potential Loyalists
CUST001566,3,Champions
CUST001567,2,Loyal Flyers
CUST001568,0,Potential Loyalists
CUST001569,0,Potential Loyalists
CUST001570,0,Potential Loyalists
CUST001571,2,Loyal Flyers
CUST001572,0,Potential Loyalists
CUST001573,0,Potential Loyalists
CUST001574,2,Loyal Flyers
CUST001575,1,At-Risk Travellers
CUST001576,0,Potential Loyalists
CUST001577,1,At-Risk Travellers
CUST001578,1,At-Risk Travellers
CUST001579,3,Champions
CUST001580,0,Potential Loyalists
CUST001581,0,Potential Loyalists
CUST001582,0,Potential Loyalists
CUST001583,0,Potential Loyalists
CUST001584,2,Loyal Flyers
CUST001585,0,Potential Loyalists
CUST001586,1,At-Risk Travellers
CUST001587,0,Potential Loyalists
CUST001588,0,Potential Loyalists
CUST001589,2,Loyal Flyers
CUST001590,0,Potential Loyalists
CUST001591,0,Potential Loyalists
CUST001592,2,Loyal Flyers
CUST001593,2,Loyal Flyers
CUST001594,3,Champions
CUST001595,0,Potential Loyalists
CUST001596,0,Potential Loyalists
CUST001597,0,Potential Loyalists
CUST001598,0,Potential Loyalists
CUST001599,0,Potential Loyalists
CUST001600,0,Potential Loyalists
CUST001601,1,At-Risk Travellers
CUST001602,0,Potential Loyalists
CUST001603,0,Potential Loyalists
CUST001604,0,Potential Loyalists
CUST001605,1,At-Risk Travellers
CUST001606,0,Potential Loyalists
CUST001607,3,Champions
CUST001608,0,Potential Loyalists
CUST001609,0,Potential Loyalists
CUST001610,1,At-Risk Travellers
CUST001611,2,Loyal Flyers
CUST001612,2,Loyal Flyers
CUST001613,0,Potential Loyalists
CUST001614,1,At-Risk Travellers
CUST001615,1,At-Risk Travellers
CUST001616,0,Potential Loyalists
CUST001617,2,Loyal Flyers
CUST001618,0,Potential Loyalists
CUST001619,0,Potential Loyalists
CUST001620,1,At-Risk Travellers
CUST001621,1,At-Risk Travellers
CUST001622,1,At-Risk Travellers
CUST001623,3,Champions
CUST001624,0,Potential Loyalists
CUST001625,0,Potential Loyalists
CUST001626,0,Potential Loyalists
CUST001627,0,Potential Loyalists
CUST001628,3,Champions
CUST001629,2,Loyal Flyers
CUST001630,0,Potential Loyalists
CUST001631,0,Potential Loyalists
CUST001632,0,Potential Loyalists
CUST001633,0,Potential Loyalists
CUST001634,0,Potential Loyalists
CUST001635,2,Loyal Flyers
CUST001636,0,Potential Loyalists
CUST001637,0,Potential Loyalists
CUST001638,0,Potential Loyalists
CUST001639,0,Potential Loyalists
CUST001640,2,Loyal Flyers
CUST001641,2,Loyal Flyers
CUST001642,1,At-Risk Travellers
CUST001643,0,Potential Loyalists
CUST001644,0,Potential Loyalists
CUST001645,2,Loyal Flyers
CUST001646,0,Potential Loyalists
CUST001647,0,Potential Loyalists
CUST001648,0,Potential Loyalists
CUST001649,0,Potential Loyalists
CUST001650,0,Potential Loyalists
CUST001651,0,Potential Loyalists
CUST001652,0,Potential Loyalists
CUST001653,1,At-Risk Travellers
CUST001654,0,Potential Loyalists
CUST001655,2,Loyal Flyers
CUST001656,0,Potential Loyalists
CUST001657,2,Loyal Flyers
CUST001658,0,Potential Loyalists
CUST001659,0,Potential Loyalists
CUST001660,0,Potential Loyalists
CUST001661,0,Potential Loyalists
CUST001662,2,Loyal Flyers
CUST001663,1,At-Risk Travellers
CUST001664,1,At-Risk Travellers
CUST001665,2,Loyal Flyers
CUST001666,0,Potential Loyalists
CUST001667,0,Potential Loyalists
CUST001668,3,Champions
CUST001669,2,Loyal Flyers
CUST001670,2,Loyal Flyers
CUST001671,0,Potential Loyalists
CUST001672,0,Potential Loyalists
CUST001673,0,Potential Loyalists
CUST001674,1,At-Risk Travellers
CUST001675,2,Loyal Flyers
CUST001676,0,Potential Loyalists
CUST001677,0,Potential Loyalists
CUST001678,0,Potential Loyalists
CUST001679,0,Potential Loyalists
CUST001680,0,Potential Loyalists
CUST001681,0,Potential Loyalists
CUST001682,0,Potential Loyalists
CUST001683,1,At-Risk Travellers
CUST001684,1,At-Risk Travellers
CUST001685,0,Potential Loyalists
CUST001686,0,Potential Loyalists
CUST001687,2,Loyal Flyers
CUST001688,0,Potential Loyalists
CUST001689,2,Loyal Flyers
CUST001690,3,Champions
CUST001691,0,Potential Loyalists
CUST001692,1,At-Risk Travellers
CUST001693,2,Loyal Flyers
CUST001694,2,Loyal Flyers
CUST001695,0,Potential Loyalists
CUST001696,2,Loyal Flyers
CUST001697,0,Potential Loyalists
CUST001698,0,Potential Loyalists
CUST001699,0,Potential Loyalists
CUST001700,2,Loyal Flyers
CUST001701,0,Potential Loyalists
CUST001702,0,Potential Loyalists
CUST001703,2,Loyal Flyers
CUST001704,0,Potential Loyalists
CUST001705,1,At-Risk Travellers
CUST001706,1,At-Risk Travellers
CUST001707,0,Potential Loyalists
CUST001708,2,Loyal Flyers
CUST001709,1,At-Risk Travellers
CUST001710,0,Potential Loyalists
CUST001711,0,Potential Loyalists
CUST001712,1,At-Risk Travellers
CUST001713,0,Potential Loyalists
CUST001714,0,Potential Loyalists
CUST001715,0,Potential Loyalists
CUST001716,3,Champions
CUST001717,0,Potential Loyalists
CUST001718,1,At-Risk Travellers
CUST001719,0,Potential Loyalists
CUST001720,0,Potential Loyalists
CUST001721,0,Potential Loyalists
CUST001722,2,Loyal Flyers
CUST001723,0,Potential Loyalists
CUST001724,0,Potential Loyalists
CUST001725,0,Potential Loyalists
CUST001726,1,At-Risk Travellers
CUST001727,1,At-Risk Travellers
CUST001728,2,Loyal Flyers
CUST001729,0,Potential Loyalists
CUST001730,3,Champions
CUST001731,2,Loyal Flyers
CUST001732,3,Champions
CUST001733,0,Potential Loyalists
CUST001734,0,Potential Loyalists
CUST001735,2,Loyal Flyers
CUST001736,3,Champions
CUST001737,0,Potential Loyalists
CUST001738,0,Potential Loyalists
CUST001739,0,Potential Loyalists
CUST001740,0,Potential Loyalists
CUST001741,2,Loyal Flyers
CUST001742,1,At-Risk Travellers
CUST001743,0,Potential Loyalists
CUST001744,0,Potential Loyalists
CUST001745,0,Potential Loyalists
CUST001746,0,Potential Loyalists
CUST001747,0,Potential Loyalists
CUST001748,0,Potential Loyalists
CUST001749,0,Potential Loyalists
CUST001750,3,Champions
CUST001751,0,Potential Loyalists
CUST001752,0,Potential Loyalists
CUST001753,0,Potential Loyalists
CUST001754,3,Champions
CUST001755,0,Potential Loyalists
CUST001756,2,Loyal Flyers
CUST001757,0,Potential Loyalists
CUST001758,0,Potential Loyalists
CUST001759,0,Potential Loyalists
CUST001760,0,Potential Loyalists
CUST001761,1,At-Risk Travellers
CUST001762,0,Potential Loyalists
CUST001763,0,Potential Loyalists
CUST001764,0,Potential Loyalists
CUST001765,0,Potential Loyalists
CUST001766,0,Potential Loyalists
CUST001767,0,Potential Loyalists
CUST001768,0,Potential Loyalists
CUST001769,3,Champions
CUST001770,0,Potential Loyalists
CUST001771,0,Potential Loyalists
CUST001772,1,At-Risk Travellers
CUST001773,0,Potential Loyalists
CUST001774,2,Loyal Flyers
CUST001775,2,Loyal Flyers
CUST001776,0,Potential Loyalists
CUST001777,1,At-Risk Travellers
CUST001778,0,Potential Loyalists
CUST001779,3,Champions
CUST001780,0,Potential Loyalists
CUST001781,0,Potential Loyalists
CUST001782,2,Loyal Flyers
CUST001783,0,Potential Loyalists
CUST001784,0,Potential Loyalists
CUST001785,0,Potential Loyalists
CUST001786,0,Potential Loyalists
CUST001787,2,Loyal Flyers
CUST001788,0,Potential Loyalists
CUST001789,2,Loyal Flyers
CUST001790,0,Potential Loyalists
CUST001791,1,At-Risk Travellers
CUST001792,2,Loyal Flyers
CUST001793,0,Potential Loyalists
CUST001794,0,Potential Loyalists
CUST001795,2,Loyal Flyers
CUST001796,0,Potential Loyalists
CUST001797,0,Potential Loyalists
CUST001798,0,Potential Loyalists
CUST001799,2,Loyal Flyers
CUST001800,3,Champions
CUST001801,2,Loyal Flyers
CUST001802,0,Potential Loyalists
CUST001803,0,Potential Loyalists
CUST001804,2,Loyal Flyers
CUST001805,3,Champions
CUST001806,2,Loyal Flyers
CUST001807,2,Loyal Flyers
CUST001808,2,Loyal Flyers
CUST001809,0,Potential Loyalists
CUST001810,0,Potential Loyalists
CUST001811,2,Loyal Flyers
CUST001812,0,Potential Loyalists
CUST001813,0,Potential Loyalists
CUST001814,0,Potential Loyalists
CUST001815,0,Potential Loyalists
CUST001816,1,At-Risk Travellers
CUST001817,1,At-Risk Travellers
CUST001818,0,Potential Loyalists
CUST001819,1,At-Risk Travellers
CUST001820,0,Potential Loyalists
CUST001821,2,Loyal Flyers
CUST001822,1,At-Risk Travellers
CUST001823,0,Potential Loyalists
CUST001824,0,Potential Loyalists
CUST001825,2,Loyal Flyers
CUST001826,1,At-Risk Travellers
CUST001827,2,Loyal Flyers
CUST001828,0,Potential Loyalists
CUST001829,1,At-Risk Travellers
CUST001830,2,Loyal Flyers
CUST001831,2,Loyal Flyers
CUST001832,0,Potential Loyalists
CUST001833,0,Potential Loyalists
CUST001834,2,Loyal Flyers
CUST001835,0,Potential Loyalists
CUST001836,0,Potential Loyalists
CUST001837,1,At-Risk Travellers
CUST001838,2,Loyal Flyers
CUST001839,0,Potential Loyalists
CUST001840,2,Loyal Flyers
CUST001841,0,Potential Loyalists
CUST001842,2,Loyal Flyers
CUST001843,0,Potential Loyalists
CUST001844,1,At-Risk Travellers
CUST001845,0,Potential Loyalists
CUST001846,2,Loyal Flyers
CUST001847,2,Loyal Flyers
CUST001848,1,At-Risk Travellers
CUST001849,0,Potential Loyalists
CUST001850,2,Loyal Flyers
CUST001851,0,Potential Loyalists
CUST001852,1,At-Risk Travellers
CUST001853,1,At-Risk Travellers
CUST001854,0,Potential Loyalists
CUST001855,0,Potential Loyalists
CUST001856,0,Potential Loyalists
CUST001857,2,Loyal Flyers
CUST001858,0,Potential Loyalists
CUST001859,0,Potential Loyalists
CUST001860,0,Potential Loyalists
CUST001861,0,Potential Loyalists
CUST001862,1,At-Risk Travellers
CUST001863,1,At-Risk Travellers
CUST001864,2,Loyal Flyers
CUST001865,0,Potential Loyalists
CUST001866,1,At-Risk Travellers
CUST001867,2,Loyal Flyers
CUST001868,1,At-Risk Travellers
CUST001869,0,Potential Loyalists
CUST001870,0,Potential Loyalists
CUST001871,0,Potential Loyalists
CUST001872,0,Potential Loyalists
CUST001873,0,Potential Loyalists
CUST001874,3,Champions
CUST001875,1,At-Risk Travellers
CUST001876,0,Potential Loyalists
CUST001877,0,Potential Loyalists
CUST001878,0,Potential Loyalists
CUST001879,0,Potential Loyalists
CUST001880,0,Potential Loyalists
CUST001881,1,At-Risk Travellers
CUST001882,2,Loyal Flyers
CUST001883,1,At-Risk Travellers
CUST001884,2,Loyal Flyers
CUST001885,3,Champions
CUST001886,2,Loyal Flyers
CUST001887,1,At-Risk Travellers
CUST001888,0,Potential Loyalists
CUST001889,0,Potential Loyalists
CUST001890,0,Potential Loyalists
CUST001891,0,Potential Loyalists
CUST001892,0,Potential Loyalists
CUST001893,0,Potential Loyalists
CUST001894,0,Potential Loyalists
CUST001895,2,Loyal Flyers
CUST001896,0,Potential Loyalists
CUST001897,1,At-Risk Travellers
CUST001898,0,Potential Loyalists
CUST001899,0,Potential Loyalists
CUST001900,0,Potential Loyalists
CUST001901,0,Potential Loyalists
CUST001902,1,At-Risk Travellers
CUST001903,0,Potential Loyalists
CUST001904,3,Champions
CUST001905,2,Loyal Flyers
CUST001906,0,Potential Loyalists
CUST001907,0,Potential Loyalists
CUST001908,0,Potential Loyalists
CUST001909,2,Loyal Flyers
CUST001910,0,Potential Loyalists
CUST001911,0,Potential Loyalists
CUST001912,0,Potential Loyalists
CUST001913,0,Potential Loyalists
CUST001914,1,At-Risk Travellers
CUST001915,0,Potential Loyalists
CUST001916,0,Potential Loyalists
CUST001917,0,Potential Loyalists
CUST001918,0,Potential Loyalists
CUST001919,0,Potential Loyalists
CUST001920,0,Potential Loyalists
CUST001921,0,Potential Loyalists
CUST001922,2,Loyal Flyers
CUST001923,0,Potential Loyalists
CUST001924,2,Loyal Flyers
CUST001925,0,Potential Loyalists
CUST001926,3,Champions
CUST001927,2,Loyal Flyers
CUST001928,0,Potential Loyalists
CUST001929,0,Potential Loyalists
CUST001930,1,At-Risk Travellers
CUST001931,0,Potential Loyalists
CUST001932,0,Potential Loyalists
CUST001933,0,Potential Loyalists
CUST001934,2,Loyal Flyers
CUST001935,0,Potential Loyalists
CUST001936,2,Loyal Flyers
CUST001937,1,At-Risk Travellers
CUST001938,0,Potential Loyalists
CUST001939,1,At-Risk Travellers
CUST001940,0,Potential Loyalists
CUST001941,2,Loyal Flyers
CUST001942,2,Loyal Flyers
CUST001943,0,Potential Loyalists
CUST001944,0,Potential Loyalists
CUST001945,1,At-Risk Travellers
CUST001946,1,At-Risk Travellers
CUST001947,0,Potential Loyalists
CUST001948,1,At-Risk Travellers
CUST001949,3,Champions
CUST001950,2,Loyal Flyers
CUST001951,2,Loyal Flyers
CUST001952,0,Potential Loyalists
CUST001953,2,Loyal Flyers
CUST001954,0,Potential Loyalists
CUST001955,1,At-Risk Travellers
CUST001956,0,Potential Loyalists
CUST001957,0,Potential Loyalists
CUST001958,0,Potential Loyalists
CUST001959,0,Potential Loyalists
CUST001960,0,Potential Loyalists
CUST001961,0,Potential Loyalists
CUST001962,0,Potential Loyalists
CUST001963,0,Potential Loyalists
CUST001964,0,Potential Loyalists
CUST001965,0,Potential Loyalists
CUST001966,1,At-Risk Travellers
CUST001967,1,At-Risk Travellers
CUST001968,0,Potential Loyalists
CUST001969,0,Potential Loyalists
CUST001970,0,Potential Loyalists
CUST001971,1,At-Risk Travellers
CUST001972,0,Potential Loyalists
CUST001973,0,Potential Loyalists
CUST001974,1,At-Risk Travellers
CUST001975,3,Champions
CUST001976,0,Potential Loyalists
CUST001977,1,At-Risk Travellers
CUST001978,1,At-Risk Travellers
CUST001979,2,Loyal Flyers
CUST001980,1,At-Risk Travellers
CUST001981,3,Champions
CUST001982,1,At-Risk Travellers
CUST001983,0,Potential Loyalists
CUST001984,1,At-Risk Travellers
CUST001985,0,Potential Loyalists
CUST001986,0,Potential Loyalists
CUST001987,0,Potential Loyalists
CUST001988,0,Potential Loyalists
CUST001989,0,Potential Loyalists
CUST001990,0,Potential Loyalists
CUST001991,1,At-Risk Travellers
CUST001992,0,Potential Loyalists
CUST001993,0,Potential Loyalists
CUST001994,1,At-Risk Travellers
CUST001995,2,Loyal Flyers
CUST001996,1,At-Risk Travellers
CUST001997,0,Potential Loyalists
CUST001998,0,Potential Loyalists
CUST001999,0,Potential Loyalists
CUST002000,0,Potential Loyalists
